"","X.12","X.11","X.10","X.9","X.8","X.7","X.6","X.5","X.4","X.3","X.2","X.1","X","year","country","leadername","age","politybefore","polityafter","interwarbefore","interwarafter","civilwarbefore","civilwarafter","result","decade","continent","region"
"1",1,1,1,1,1,1,1,1,1,1,1,1,1,1929,"Afghanistan","Habibullah Ghazi",39,-6,-6,0,0,1,0,"not wounded","1925","Asia","Southern Asia"
"2",2,2,2,2,2,2,2,2,2,2,2,2,2,1933,"Afghanistan","Nadir Shah",53,-6,-7.33333333333333,0,0,0,0,"dies within a day after the attack","1935","Asia","Southern Asia"
"3",3,3,3,3,3,3,3,3,3,3,3,3,3,1934,"Afghanistan","Hashim Khan",50,-6,-8,0,0,0,0,"survives, whether wounded unknown","1935","Asia","Southern Asia"
"4",4,4,4,4,4,4,4,4,4,4,4,4,4,1924,"Albania","Zogu",29,0,-9,0,0,0,0,"wounded lightly","1925","Europe","Southern Europe"
"5",5,5,5,5,5,5,5,5,5,5,5,5,5,1931,"Albania","Zogu",36,-9,-9,0,0,0,0,"not wounded","1935","Europe","Southern Europe"
"6",6,6,6,6,6,6,6,6,6,6,6,6,6,1968,"Algeria","Boumedienne",41,-9,-9,0,0,0,0,"wounded lightly","1965","Africa","Northern Africa"
"7",7,7,7,7,7,7,7,7,7,7,7,7,7,1992,"Algeria","Boudiaf",73,-2,-5.66666666666667,0,0,0,1,"dies within a day after the attack","1995","Africa","Northern Africa"
"8",8,8,8,8,8,8,8,8,8,8,8,8,8,1908,"Argentina","Alcorta",48,1,1,0,0,0,0,"plot stopped","1905","Americas","South America"
"9",9,9,9,9,9,9,9,9,9,9,9,9,9,1916,"Argentina","de la Plaza",76,2,2,0,0,0,0,"not wounded","1915","Americas","South America"
"10",10,10,10,10,10,10,10,10,10,10,10,10,10,1929,"Argentina","Irigoyen",77,2,-8,0,0,0,0,"not wounded","1925","Americas","South America"
"11",11,11,11,11,11,11,11,11,11,11,11,11,11,1976,"Argentina","Videla",51,6,-9,0,0,0,0,"not wounded","1975","Americas","South America"
"12",12,12,12,12,12,12,12,12,12,12,12,12,12,1977,"Argentina","Videla",52,1,-9,0,0,0,0,"not wounded","1975","Americas","South America"
"13",13,13,13,13,13,13,13,13,13,13,13,13,13,1916,"Australia","Hughes",52,10,10,1,1,0,0,"survives, whether wounded unknown","1915","Oceania","Australia and New Zealand"
"14",14,14,14,14,14,14,14,14,14,14,14,14,14,1975,"Australia","Fraser",45,10,10,1,0,0,0,"plot stopped","1975","Oceania","Australia and New Zealand"
"15",15,15,15,15,15,15,15,15,15,15,15,15,15,1920,"Austria","Renner",50,0,8,1,0,0,0,"not wounded","1915","Europe","Western Europe"
"16",16,16,16,16,16,16,16,16,16,16,16,16,16,1924,"Austria","Seipel",48,8,8,0,0,0,0,"hospitalization but no permanent disability","1925","Europe","Western Europe"
"17",17,17,17,17,17,17,17,17,17,17,17,17,17,1933,"Austria","Dollfuss",51,8,-9,0,0,0,1,"hospitalization but no permanent disability","1935","Europe","Western Europe"
"18",18,18,18,18,18,18,18,18,18,18,18,18,18,1934,"Austria","Dollfuss",52,5,-9,0,0,0,0,"dies within a day after the attack","1935","Europe","Western Europe"
"19",19,19,19,19,19,19,19,19,19,19,19,19,19,1902,"Belgium","Paul de Smet de Nayer",59,6,6,0,0,0,0,"not wounded","1905","Europe","Western Europe"
"20",20,20,20,20,20,20,20,20,20,20,20,20,20,1965,"Bhutan","Wangchuk, Jigme Dorji",36,-8,-8,0,0,0,0,"not wounded","1965","Asia","Southern Asia"
"21",21,21,21,21,21,21,21,21,21,21,21,21,21,1945,"Bolivia","Villarroel",37,-5,-5,0,0,0,0,"not wounded","1945","Americas","South America"
"22",22,22,22,22,22,22,22,22,22,22,22,22,22,1946,"Bolivia","Gutierrez",62,-5,-5,0,0,0,0,"plot stopped","1945","Americas","South America"
"23",23,23,23,23,23,23,23,23,23,23,23,23,23,1964,"Bolivia","Barrientos Ortuna",45,-3,-4,0,0,0,0,"hospitalization but no permanent disability","1965","Americas","South America"
"24",24,24,24,24,24,24,24,24,24,24,24,24,24,1965,"Bolivia","Barrientos Ortuna",46,-3.33333333333333,-4,0,0,0,0,"hospitalization but no permanent disability","1965","Americas","South America"
"25",25,25,25,25,25,25,25,25,25,25,25,25,25,1897,"Brazil","de Moraes Barros",56,-3,-3,0,0,1,0,"not wounded","1895","Americas","South America"
"26",26,26,26,26,26,26,26,26,26,26,26,26,26,1994,"Burundi","Ntarymira",39,-3.33333333333333,-3.33333333333333,0,0,1,1,"dies within a day after the attack","1995","Africa","Eastern Africa"
"27",27,27,27,27,27,27,27,27,27,27,27,27,27,1915,"Bulgaria","Ferdinand I",54,-9,-5.33333333333333,1,1,0,0,"survives, whether wounded unknown","1915","Europe","Eastern Europe"
"28",28,28,28,28,28,28,28,28,28,28,28,28,28,1925,"Bulgaria","Boris III",31,-3,-3,0,0,1,0,"wounded lightly","1925","Europe","Eastern Europe"
"29",29,29,29,29,29,29,29,29,29,29,29,29,29,1943,"Bulgaria","Boris III",49,-10,-4,1,1,0,0,"dies between a day and a week","1945","Europe","Eastern Europe"
"30",30,30,30,30,30,30,30,30,30,30,30,30,30,1959,"Cambodia","Sihanouk",37,-9,-9,0,0,0,0,"not wounded","1955","Asia","South-Eastern Asia"
"31",31,31,31,31,31,31,31,31,31,31,31,31,31,1973,"Cambodia","Lon Nol",60,-6,-4,1,1,1,1,"not wounded","1975","Asia","South-Eastern Asia"
"32",32,32,32,32,32,32,32,32,32,32,32,32,32,1998,"Cambodia","Hun Sen",46,-1.66666666666667,2,0,0,1,0,"not wounded","1995","Asia","South-Eastern Asia"
"33",33,33,33,33,33,33,33,33,33,33,33,33,33,1995,"Canada","Chretien",56,10,10,0,0,0,0,"plot stopped","1995","Americas","Northern America"
"34",34,34,34,34,34,34,34,34,34,34,34,34,34,2000,"Ivory Coast","Guei",59,-4.33333333333333,1.33333333333333,0,0,0,0,"not wounded","1995","Africa","Western Africa"
"35",35,35,35,35,35,35,35,35,35,35,35,35,35,1976,"Chad","Malloum",44,-8.33333333333333,-3.33333333333333,0,0,0,0,"not wounded","1975","Africa","Middle Africa"
"36",36,36,36,36,36,36,36,36,36,36,36,36,36,1899,"Chile","F. Errazuriz Echaurren",49,3,3,0,0,0,0,"plot stopped","1895","Americas","South America"
"37",37,37,37,37,37,37,37,37,37,37,37,37,37,1929,"Chile","Ibanez Campo",52,-2,-2,0,0,0,0,"plot stopped","1925","Americas","South America"
"38",38,38,38,38,38,38,38,38,38,38,38,38,38,1930,"Chile","Ibanez del Campo",53,-2,-2,0,0,0,0,"plot stopped","1925","Americas","South America"
"39",39,39,39,39,39,39,39,39,39,39,39,39,39,1986,"Chile","Pinochet",71,-6,0.333333333333333,0,0,0,0,"wounded lightly","1985","Americas","South America"
"40",40,40,40,40,40,40,40,40,40,40,40,40,40,1910,"China","Zaifeng",28,-6,-0.666666666666667,0,0,0,1,"survives, whether wounded unknown","1905","Asia","Eastern Asia"
"41",41,41,41,41,41,41,41,41,41,41,41,41,41,1929,"China","Chiang Kai-shek",43,-5,-5,0,1,1,1,"plot stopped","1925","Asia","Eastern Asia"
"42",42,42,42,42,42,42,42,42,42,42,42,42,42,1931,"China","Chiang Kai-shek",45,-5,-5,1,1,1,1,"not wounded","1935","Asia","Eastern Asia"
"43",43,43,43,43,43,43,43,43,43,43,43,43,43,1961,"China","Mao Tse-Tung",68,-8,-8,0,1,1,0,"survives, whether wounded unknown","1965","Asia","Eastern Asia"
"44",44,44,44,44,44,44,44,44,44,44,44,44,44,1906,"Colombia","Reyes Prieto",57,-3.33333333333333,-5,0,0,1,0,"not wounded","1905","Americas","South America"
"45",45,45,45,45,45,45,45,45,45,45,45,45,45,1977,"Congo Brazzaville","Ngouabi",39,-7,-7.66666666666667,0,0,0,0,"dies within a day after the attack","1975","Africa","Middle Africa"
"46",46,46,46,46,46,46,46,46,46,46,46,46,46,1944,"Costa Rica","Picado Michalski",44,10,10,0,0,0,0,"survives, whether wounded unknown","1945","Americas","Central America"
"47",47,47,47,47,47,47,47,47,47,47,47,47,47,1931,"Cuba","Machado Morales",60,1,2.33333333333333,0,0,0,0,"survives, whether wounded unknown","1935","Americas","Caribbean"
"48",48,48,48,48,48,48,48,48,48,48,48,48,48,1934,"Cuba","Mendieta",61,1.66666666666667,3,0,0,0,0,"wounded lightly","1935","Americas","Caribbean"
"49",49,49,49,49,49,49,49,49,49,49,49,49,49,1970,"Cyprus","Makarios",57,4.66666666666667,7,0,0,0,0,"not wounded","1965","Asia","Western Asia"
"50",50,50,50,50,50,50,50,50,50,50,50,50,50,1954,"Czechoslovakia","Zapotocky",70,-7,-7,0,0,0,0,"wounded lightly","1955","Europe","Eastern Europe"
"51",51,51,51,51,51,51,51,51,51,51,51,51,51,1899,"Dominican Rep","Heureaux",54,-3,-3,0,0,0,0,"dies within a day after the attack","1895","Americas","Caribbean"
"52",52,52,52,52,52,52,52,52,52,52,52,52,52,1911,"Dominican Rep","Caceres",45,-3,-3,0,0,0,0,"dies within a day after the attack","1915","Americas","Caribbean"
"53",53,53,53,53,53,53,53,53,53,53,53,53,53,1961,"Dominican Rep","Rafel Trujillo",70,-9,2.66666666666667,0,0,0,0,"dies within a day after the attack","1965","Americas","Caribbean"
"54",54,54,54,54,54,54,54,54,54,54,54,54,54,2001,"Congo Kinshasa","Laurent Kabila",62,0,0,0,0,1,0,"dies within a day after the attack","2005","Africa","Middle Africa"
"55",55,55,55,55,55,55,55,55,55,55,55,55,55,1886,"Ecuador","Caamano",49,-1,-1,0,0,0,0,"not wounded","1885","Americas","South America"
"56",56,56,56,56,56,56,56,56,56,56,56,56,56,1949,"Ecuador","Plaza Lasso",43,0,2,0,0,0,0,"not wounded","1945","Americas","South America"
"57",57,57,57,57,57,57,57,57,57,57,57,57,57,1938,"Egypt","Farouk",18,1,1,0,0,0,0,"not wounded","1935","Africa","Northern Africa"
"58",58,58,58,58,58,58,58,58,58,58,58,58,58,1939,"Egypt","Farouk",19,1,1,0,0,0,0,"plot stopped","1935","Africa","Northern Africa"
"59",59,59,59,59,59,59,59,59,59,59,59,59,59,1974,"Egypt","Sadat",56,-7,-6.33333333333333,1,0,0,0,"not wounded","1975","Africa","Northern Africa"
"60",60,60,60,60,60,60,60,60,60,60,60,60,60,1981,"Egypt","Sadat",63,-6,-6,0,0,0,0,"dies within a day after the attack","1985","Africa","Northern Africa"
"61",61,61,61,61,61,61,61,61,61,61,61,61,61,1995,"Egypt","Mubarak",66,-6,-6,0,0,0,0,"not wounded","1995","Africa","Northern Africa"
"62",62,62,62,62,62,62,62,62,62,62,62,62,62,1999,"Egypt","Mubarak",70,-6,-6,0,0,0,0,"wounded lightly","1995","Africa","Northern Africa"
"63",63,63,63,63,63,63,63,63,63,63,63,63,63,1978,"Ethiopia","Mengistu Marriam",41,-7,-7,1,0,1,1,"wounded lightly","1975","Africa","Eastern Africa"
"64",64,64,64,64,64,64,64,64,64,64,64,64,64,1910,"France","Briand",48,8,8,0,0,1,1,"wounded lightly","1905","Europe","Western Europe"
"65",65,65,65,65,65,65,65,65,65,65,65,65,65,1911,"France","Briand",49,8,8,0,1,1,0,"not wounded","1915","Europe","Western Europe"
"66",66,66,66,66,66,66,66,66,66,66,66,66,66,1919,"France","Clemenceau",78,8,9,1,1,1,0,"hospitalization but no permanent disability","1915","Europe","Western Europe"
"67",67,67,67,67,67,67,67,67,67,67,67,67,67,1924,"France","Herriot",52,9,9,1,0,0,0,"not wounded","1925","Europe","Western Europe"
"68",68,68,68,68,68,68,68,68,68,68,68,68,68,1932,"France","Herriot",60,9.66666666666667,10,0,0,0,0,"plot stopped","1935","Europe","Western Europe"
"69",69,69,69,69,69,69,69,69,69,69,69,69,69,1943,"France","Laval",60,-9,3.66666666666667,1,1,0,0,"wounded lightly","1945","Europe","Western Europe"
"70",70,70,70,70,70,70,70,70,70,70,70,70,70,1961,"France","De Gaulle",71,5,5,0,0,0,0,"not wounded","1965","Europe","Western Europe"
"71",71,71,71,71,71,71,71,71,71,71,71,71,71,1962,"France","De Gaulle",72,5,5,0,0,0,0,"not wounded","1965","Europe","Western Europe"
"72",72,72,72,72,72,72,72,72,72,72,72,72,72,1964,"France","De Gaulle",74,5,5,0,0,0,0,"plot stopped","1965","Europe","Western Europe"
"73",73,73,73,73,73,73,73,73,73,73,73,73,73,1965,"France","De Gaulle",75,5,5,0,0,0,0,"plot stopped","1965","Europe","Western Europe"
"74",74,74,74,74,74,74,74,74,74,74,74,74,74,1963,"Ghana","Nkurmah",54,-8.33333333333333,-8.33333333333333,0,0,0,0,"wounded lightly","1965","Africa","Western Africa"
"75",75,75,75,75,75,75,75,75,75,75,75,75,75,1964,"Ghana","Nkurmah",55,-8.66666666666667,-7.66666666666667,0,0,0,0,"not wounded","1965","Africa","Western Africa"
"76",76,76,76,76,76,76,76,76,76,76,76,76,76,1878,"Germany","Wilhelm I",81,-4,-4,0,0,0,0,"not wounded","1875","Europe","Western Europe"
"77",77,77,77,77,77,77,77,77,77,77,77,77,77,1939,"Germany","Hitler",50,-9,-9,0,1,1,0,"not wounded","1935","Europe","Western Europe"
"78",78,78,78,78,78,78,78,78,78,78,78,78,78,1898,"Greece","George I",53,10,10,1,0,0,0,"not wounded","1895","Europe","Southern Europe"
"79",79,79,79,79,79,79,79,79,79,79,79,79,79,1913,"Greece","George I",68,10,5.5,1,0,0,0,"dies within a day after the attack","1915","Europe","Southern Europe"
"80",80,80,80,80,80,80,80,80,80,80,80,80,80,1926,"Greece","Pangalos",48,-3.66666666666667,10,0,0,0,0,"plot stopped","1925","Europe","Southern Europe"
"81",81,81,81,81,81,81,81,81,81,81,81,81,81,1968,"Greece","Papadopoulos",49,0.333333333333333,-7,0,0,0,0,"not wounded","1965","Europe","Southern Europe"
"82",82,82,82,82,82,82,82,82,82,82,82,82,82,1995,"Georgia","Shevardnadze",67,4,5,0,0,1,0,"wounded lightly","1995","Asia","Western Asia"
"83",83,83,83,83,83,83,83,83,83,83,83,83,83,1998,"Georgia","Shevardnadze",70,5,5,0,0,0,0,"not wounded","1995","Asia","Western Asia"
"84",84,84,84,84,84,84,84,84,84,84,84,84,84,1884,"Guatemala","Justo Rufino Barrios",49,2,2,0,1,0,0,"wounded lightly","1885","Americas","Central America"
"85",85,85,85,85,85,85,85,85,85,85,85,85,85,1886,"Guatemala","Barillas",41,2,2,1,0,0,0,"plot stopped","1885","Americas","Central America"
"86",86,86,86,86,86,86,86,86,86,86,86,86,86,1898,"Guatemala","Reina Barrios",63,-1.33333333333333,-5.33333333333333,0,0,0,0,"dies, timing unknown","1895","Americas","Central America"
"87",87,87,87,87,87,87,87,87,87,87,87,87,87,1907,"Guatemala","Estrada-Cabrera",50,-9,-9,1,0,0,0,"not wounded","1905","Americas","Central America"
"88",88,88,88,88,88,88,88,88,88,88,88,88,88,1908,"Guatemala","Estrada-Cabrera",51,-9,-9,1,0,0,0,"wounded lightly","1905","Americas","Central America"
"89",89,89,89,89,89,89,89,89,89,89,89,89,89,1957,"Guatemala","Castillo Armas",43,-6,-5,0,0,1,0,"dies within a day after the attack","1955","Americas","Central America"
"90",90,90,90,90,90,90,90,90,90,90,90,90,90,1996,"Guatemala","Arzu Yrigoyen",50,3,8,0,0,0,0,"not wounded","1995","Americas","Central America"
"91",91,91,91,91,91,91,91,91,91,91,91,91,91,1980,"Guinea","Toure",58,-9,-9,0,0,0,0,"not wounded","1975","Africa","Western Africa"
"92",92,92,92,92,92,92,92,92,92,92,92,92,92,1892,"Haiti","Hippolyte",65,-3,-3,0,0,0,0,"plot stopped","1895","Americas","Caribbean"
"93",93,93,93,93,93,93,93,93,93,93,93,93,93,1912,"Haiti","Leconte",58,-3,-3,0,0,0,0,"dies within a day after the attack","1915","Americas","Caribbean"
"94",94,94,94,94,94,94,94,94,94,94,94,94,94,1947,"Honduras","Carias Andino",71,-3,-3,0,0,0,0,"plot stopped","1945","Americas","Central America"
"95",95,95,95,95,95,95,95,95,95,95,95,95,95,1955,"India","Nehru",66,9,9,0,0,0,0,"plot stopped","1955","Asia","Southern Asia"
"96",96,96,96,96,96,96,96,96,96,96,96,96,96,1980,"India","Gandhi, I.",63,8,8,0,0,0,0,"not wounded","1975","Asia","Southern Asia"
"97",97,97,97,97,97,97,97,97,97,97,97,97,97,1984,"India","Gandhi, I.",67,8,8,0,0,0,1,"dies within a day after the attack","1985","Asia","Southern Asia"
"98",98,98,98,98,98,98,98,98,98,98,98,98,98,1986,"India","Gandhi, R.",42,8,8,0,0,1,1,"not wounded","1985","Asia","Southern Asia"
"99",99,99,99,99,99,99,99,99,99,99,99,99,99,1957,"Indonesia","Sukarno",56,0,-3.66666666666667,0,0,1,1,"not wounded","1955","Asia","South-Eastern Asia"
"100",100,100,100,100,100,100,100,100,100,100,100,100,100,1962,"Indonesia","Sukarno",61,-5,-5,0,0,1,0,"not wounded","1965","Asia","South-Eastern Asia"
"101",101,101,101,101,101,101,101,101,101,101,101,101,101,1896,"Iran","Nasir Ad-Din",65,-10,-10,0,0,0,0,"dies within a day after the attack","1895","Asia","Southern Asia"
"102",102,102,102,102,102,102,102,102,102,102,102,102,102,1896,"Iran","Muzaffar ad-Din",43,-10,-10,0,0,0,0,"not wounded","1895","Asia","Southern Asia"
"103",103,103,103,103,103,103,103,103,103,103,103,103,103,1900,"Iran","Muzaffar ad-Din",47,-10,-10,0,0,0,0,"plot stopped","1895","Asia","Southern Asia"
"104",104,104,104,104,104,104,104,104,104,104,104,104,104,1908,"Iran","Mohammed Ali Shah",36,-3.33333333333333,0,0,0,0,1,"not wounded","1905","Asia","Southern Asia"
"105",105,105,105,105,105,105,105,105,105,105,105,105,105,1949,"Iran","Mohammad Reza",30,-1,-1,0,0,0,0,"wounded lightly","1945","Asia","Southern Asia"
"106",106,106,106,106,106,106,106,106,106,106,106,106,106,1967,"Iran","Mohammad Reza",48,-10,-10,0,0,0,0,"not wounded","1965","Asia","Southern Asia"
"107",107,107,107,107,107,107,107,107,107,107,107,107,107,1959,"Iraq","Karrim Kassem",45,-4.33333333333333,-5,0,0,0,1,"hospitalization but no permanent disability","1955","Asia","Western Asia"
"108",108,108,108,108,108,108,108,108,108,108,108,108,108,1982,"Iraq","Saddam Hussein",45,-9,-9,1,1,0,1,"not wounded","1985","Asia","Western Asia"
"109",109,109,109,109,109,109,109,109,109,109,109,109,109,1957,"Israel","Ben Gurion",71,10,10,1,0,0,0,"wounded lightly","1955","Asia","Western Asia"
"110",110,110,110,110,110,110,110,110,110,110,110,110,110,1995,"Israel","Rabin",73,9,9,0,0,0,0,"dies within a day after the attack","1995","Asia","Western Asia"
"111",111,111,111,111,111,111,111,111,111,111,111,111,111,1923,"Italy","Mussolini",40,-1.33333333333333,-5.66666666666667,0,0,0,0,"not wounded","1925","Europe","Southern Europe"
"112",112,112,112,112,112,112,112,112,112,112,112,112,112,1924,"Italy","Mussolini",41,-2,-7,0,0,0,0,"survives, whether wounded unknown","1925","Europe","Southern Europe"
"113",113,113,113,113,113,113,113,113,113,113,113,113,113,1925,"Italy","Mussolini",42,-3,-8,0,0,0,0,"plot stopped","1925","Europe","Southern Europe"
"114",114,114,114,114,114,114,114,114,114,114,114,114,114,1926,"Italy","Mussolini",43,-4.33333333333333,-8.66666666666667,0,0,0,0,"hospitalization but no permanent disability","1925","Europe","Southern Europe"
"115",115,115,115,115,115,115,115,115,115,115,115,115,115,1928,"Italy","Mussolini",45,-7,-9,0,0,0,0,"plot stopped","1925","Europe","Southern Europe"
"116",116,116,116,116,116,116,116,116,116,116,116,116,116,1932,"Italy","Mussolini",49,-9,-9,0,1,0,0,"plot stopped","1935","Europe","Southern Europe"
"117",117,117,117,117,117,117,117,117,117,117,117,117,117,1949,"Jordan","Abdullah Al-Hussein",67,-10,-5,1,0,0,0,"plot stopped","1945","Asia","Western Asia"
"118",118,118,118,118,118,118,118,118,118,118,118,118,118,1951,"Jordan","Abdullah Al-Hussein",69,-10,-1,1,0,0,0,"dies within a day after the attack","1955","Asia","Western Asia"
"119",119,119,119,119,119,119,119,119,119,119,119,119,119,1960,"Jordan","Hussein Ibn Talal El-Hashim",25,-9,-9,0,0,0,0,"not wounded","1955","Asia","Western Asia"
"120",120,120,120,120,120,120,120,120,120,120,120,120,120,1970,"Jordan","Hussein Ibn Talal El-Hashim",35,-9,-9,1,1,0,0,"not wounded","1965","Asia","Western Asia"
"121",121,121,121,121,121,121,121,121,121,121,121,121,121,1972,"Jordan","Hussein Ibn Talal El-Hashim",37,-9,-9.66666666666667,0,1,1,0,"hospitalization but no permanent disability","1975","Asia","Western Asia"
"122",122,122,122,122,122,122,122,122,122,122,122,122,122,1916,"Japan","Okuma",78,1,1,1,1,0,1,"not wounded","1915","Asia","Eastern Asia"
"123",123,123,123,123,123,123,123,123,123,123,123,123,123,1920,"Japan","Hara, T.",64,1,1,1,0,1,0,"survives, whether wounded unknown","1915","Asia","Eastern Asia"
"124",124,124,124,124,124,124,124,124,124,124,124,124,124,1921,"Japan","Hara, T.",65,1,1,1,0,1,0,"dies within a day after the attack","1925","Asia","Eastern Asia"
"125",125,125,125,125,125,125,125,125,125,125,125,125,125,1925,"Japan","Kato, Takaaki",65,1,1,0,0,0,1,"not wounded","1925","Asia","Eastern Asia"
"126",126,126,126,126,126,126,126,126,126,126,126,126,126,1928,"Japan","Tanaka, G.",64,1,1,0,1,1,0,"plot stopped","1925","Asia","Eastern Asia"
"127",127,127,127,127,127,127,127,127,127,127,127,127,127,1929,"Japan","Hamaguchi",59,1,1,0,1,1,0,"plot stopped","1925","Asia","Eastern Asia"
"128",128,128,128,128,128,128,128,128,128,128,128,128,128,1930,"Japan","Hamaguchi",60,1,1,0,1,1,0,"survives but wounded severely","1925","Asia","Eastern Asia"
"129",129,129,129,129,129,129,129,129,129,129,129,129,129,1932,"Japan","Inukai",77,1,1,1,1,0,0,"dies within a day after the attack","1935","Asia","Eastern Asia"
"130",130,130,130,130,130,130,130,130,130,130,130,130,130,1960,"Japan","Kishi",64,10,10,0,0,0,0,"wounded lightly","1955","Asia","Eastern Asia"
"131",131,131,131,131,131,131,131,131,131,131,131,131,131,1963,"Japan","Ikeda",64,10,10,0,0,0,0,"survives, whether wounded unknown","1965","Asia","Eastern Asia"
"132",132,132,132,132,132,132,132,132,132,132,132,132,132,1978,"Japan","Ohira",68,10,10,0,0,0,0,"plot stopped","1975","Asia","Eastern Asia"
"133",133,133,133,133,133,133,133,133,133,133,133,133,133,1972,"Kenya","Kenyatta",81,-7,-7,0,0,0,0,"plot stopped","1975","Africa","Eastern Africa"
"134",134,134,134,134,134,134,134,134,134,134,134,134,134,1985,"Kuwait","Jabir As-Sabah",59,-8,-10,0,0,0,0,"wounded lightly","1985","Asia","Western Asia"
"135",135,135,135,135,135,135,135,135,135,135,135,135,135,1955,"Liberia","Tubman",60,-6,-6,0,0,0,0,"not wounded","1955","Africa","Western Africa"
"136",136,136,136,136,136,136,136,136,136,136,136,136,136,1956,"Lebanon","Chamoun",56,2,2,0,0,0,1,"plot stopped","1955","Asia","Western Asia"
"137",137,137,137,137,137,137,137,137,137,137,137,137,137,1978,"Libya","Qaddafi",36,-7,-7,0,1,0,0,"not wounded","1975","Africa","Northern Africa"
"138",138,138,138,138,138,138,138,138,138,138,138,138,138,1981,"Libya","Qaddafi",39,-7,-7,1,0,0,1,"wounded lightly","1985","Africa","Northern Africa"
"139",139,139,139,139,139,139,139,139,139,139,139,139,139,1984,"Libya","Qaddafi",42,-7,-7,0,0,1,1,"not wounded","1985","Africa","Northern Africa"
"140",140,140,140,140,140,140,140,140,140,140,140,140,140,1975,"Madagascar","Ratsimandrava",44,-3,-6,0,0,0,0,"dies, timing unknown","1975","Africa","Eastern Africa"
"141",141,141,141,141,141,141,141,141,141,141,141,141,141,1890,"Mexico","Diaz",60,-9,-9,0,0,0,0,"not wounded","1885","Americas","Central America"
"142",142,142,142,142,142,142,142,142,142,142,142,142,142,1897,"Mexico","Diaz",67,-9,-9,0,0,0,0,"not wounded","1895","Americas","Central America"
"143",143,143,143,143,143,143,143,143,143,143,143,143,143,1920,"Mexico","Carranza",61,-1,-1,0,0,1,1,"dies, timing unknown","1915","Americas","Central America"
"144",144,144,144,144,144,144,144,144,144,144,144,144,144,1921,"Mexico","Obregon",31,-1,-1.66666666666667,0,0,1,1,"plot stopped","1925","Americas","Central America"
"145",145,145,145,145,145,145,145,145,145,145,145,145,145,1925,"Mexico","Calles",48,-1.66666666666667,-3,0,0,1,1,"plot stopped","1925","Americas","Central America"
"146",146,146,146,146,146,146,146,146,146,146,146,146,146,1927,"Mexico","Calles",50,-3,-4,0,0,1,1,"not wounded","1925","Americas","Central America"
"147",147,147,147,147,147,147,147,147,147,147,147,147,147,1929,"Mexico","Portes Gil",39,-3,-6,0,0,1,1,"not wounded","1925","Americas","Central America"
"148",148,148,148,148,148,148,148,148,148,148,148,148,148,1930,"Mexico","Ortiz Rubio",53,-3,-6,0,0,1,0,"hospitalization but no permanent disability","1925","Americas","Central America"
"149",149,149,149,149,149,149,149,149,149,149,149,149,149,1935,"Mexico","Cardenas",40,-6,-6,0,0,0,0,"plot stopped","1935","Americas","Central America"
"150",150,150,150,150,150,150,150,150,150,150,150,150,150,1944,"Mexico","Avila Camacho",47,-6,-6,0,0,0,0,"not wounded","1945","Americas","Central America"
"151",151,151,151,151,151,151,151,151,151,151,151,151,151,1952,"Mexico","Aleman Valdes",49,-6,-6,0,0,0,0,"plot stopped","1955","Americas","Central America"
"152",152,152,152,152,152,152,152,152,152,152,152,152,152,1963,"Myanmar (Burma)","Ne Win",52,3.33333333333333,-7,0,0,0,0,"hospitalization but no permanent disability","1965","Asia","South-Eastern Asia"
"153",153,153,153,153,153,153,153,153,153,153,153,153,153,1962,"Nepal","Mahendra",42,-6,-9,0,0,0,0,"not wounded","1965","Asia","Southern Asia"
"154",154,154,154,154,154,154,154,154,154,154,154,154,154,2001,"Nepal","Birendra",55,5.66666666666667,-6,0,0,0,1,"dies within a day after the attack","2005","Asia","Southern Asia"
"155",155,155,155,155,155,155,155,155,155,155,155,155,155,1954,"Nicaragua","Anastasio Somoza Garcia",58,-8,-8,0,0,0,0,"plot stopped","1955","Americas","Central America"
"156",156,156,156,156,156,156,156,156,156,156,156,156,156,1956,"Nicaragua","Anastasio Somoza Garcia",60,-8,-8,0,0,0,0,"dies between a week and a month","1955","Americas","Central America"
"157",157,157,157,157,157,157,157,157,157,157,157,157,157,1959,"Nicaragua","Luis Somoza Debayle",37,-8,-8,0,0,0,0,"not wounded","1955","Americas","Central America"
"158",158,158,158,158,158,158,158,158,158,158,158,158,158,1965,"Niger","Diori",49,-7,-7,0,0,0,0,"not wounded","1965","Africa","Western Africa"
"159",159,159,159,159,159,159,159,159,159,159,159,159,159,1987,"Netherlands","Lubbers",48,10,10,0,0,0,0,"not wounded","1985","Europe","Western Europe"
"160",160,160,160,160,160,160,160,160,160,160,160,160,160,1966,"Oman","Sa`id ibn Taimur",56,-10,-10,0,0,0,0,"not wounded","1965","Asia","Western Asia"
"161",161,161,161,161,161,161,161,161,161,161,161,161,161,1951,"Pakistan","L. Khan",56,3.33333333333333,5,1,0,0,0,"dies within a day after the attack","1955","Asia","Southern Asia"
"162",162,162,162,162,162,162,162,162,162,162,162,162,162,1968,"Pakistan","Ayub Khan",61,1,0.333333333333333,1,1,0,1,"not wounded","1965","Asia","Southern Asia"
"163",163,163,163,163,163,163,163,163,163,163,163,163,163,1988,"Pakistan","Zia",64,-4,8,0,0,0,0,"dies within a day after the attack","1985","Asia","Southern Asia"
"164",164,164,164,164,164,164,164,164,164,164,164,164,164,1999,"Pakistan","Sharif",50,7.33333333333333,-5.66666666666667,0,0,0,0,"not wounded","1995","Asia","Southern Asia"
"165",165,165,165,165,165,165,165,165,165,165,165,165,165,1955,"Panama","Remon Cantero",47,-1,4,0,0,0,0,"dies within a day after the attack","1955","Americas","Central America"
"166",166,166,166,166,166,166,166,166,166,166,166,166,166,1908,"Peru","Pardo y Barreda",44,2,2,0,0,0,0,"not wounded","1905","Americas","South America"
"167",167,167,167,167,167,167,167,167,167,167,167,167,167,1932,"Peru","Sanchez Cerro",43,-6,2,0,0,0,0,"hospitalization but no permanent disability","1935","Americas","South America"
"168",168,168,168,168,168,168,168,168,168,168,168,168,168,1933,"Peru","Sanchez Cerro",44,-3,2,0,0,1,0,"dies within a day after the attack","1935","Americas","South America"
"169",169,169,169,169,169,169,169,169,169,169,169,169,169,1933,"Peru","Benavidez",57,-3,2,0,0,1,0,"plot stopped","1935","Americas","South America"
"170",170,170,170,170,170,170,170,170,170,170,170,170,170,1986,"Peru","Garcia Perez",37,7,7,0,0,1,1,"not wounded","1985","Americas","South America"
"171",171,171,171,171,171,171,171,171,171,171,171,171,171,1922,"Poland","Narutowicz",57,8,8,1,0,0,0,"dies within a day after the attack","1925","Europe","Eastern Europe"
"172",172,172,172,172,172,172,172,172,172,172,172,172,172,1924,"Poland","Wojciechowski",55,8,0.666666666666667,0,0,0,0,"not wounded","1925","Europe","Eastern Europe"
"173",173,173,173,173,173,173,173,173,173,173,173,173,173,1893,"Portugal","Carlos I",30,-4,-4,0,0,0,0,"not wounded","1895","Europe","Southern Europe"
"174",174,174,174,174,174,174,174,174,174,174,174,174,174,1896,"Portugal","Carlos I",33,-4,-4,0,0,0,0,"not wounded","1895","Europe","Southern Europe"
"175",175,175,175,175,175,175,175,175,175,175,175,175,175,1908,"Portugal","Carlos I",45,-4.33333333333333,4.66666666666667,0,0,0,0,"dies within a day after the attack","1905","Europe","Southern Europe"
"176",176,176,176,176,176,176,176,176,176,176,176,176,176,1918,"Portugal","Paes",46,7,7,1,0,0,0,"dies within a day after the attack","1915","Europe","Southern Europe"
"177",177,177,177,177,177,177,177,177,177,177,177,177,177,1937,"Portugal","Salazar",48,-9,-9,0,0,1,1,"not wounded","1935","Europe","Southern Europe"
"178",178,178,178,178,178,178,178,178,178,178,178,178,178,1952,"Korea South","Rhee",77,-3,-4,1,1,0,0,"not wounded","1955","Asia","Eastern Asia"
"179",179,179,179,179,179,179,179,179,179,179,179,179,179,1968,"Korea South","Hee Park",51,3,3,1,1,0,0,"not wounded","1965","Asia","Eastern Asia"
"180",180,180,180,180,180,180,180,180,180,180,180,180,180,1974,"Korea South","Hee Park",57,-4.66666666666667,-8,1,0,0,0,"not wounded","1975","Asia","Eastern Asia"
"181",181,181,181,181,181,181,181,181,181,181,181,181,181,1979,"Korea South","Hee Park",62,-8,-6,0,0,0,0,"dies within a day after the attack","1975","Asia","Eastern Asia"
"182",182,182,182,182,182,182,182,182,182,182,182,182,182,1983,"Korea South","Chun Doo Hwan",52,-6,-5,0,0,0,0,"not wounded","1985","Asia","Eastern Asia"
"183",183,183,183,183,183,183,183,183,183,183,183,183,183,1878,"Russia","Alexander II",60,-10,-10,1,0,0,0,"survives, whether wounded unknown","1875","Europe","Eastern Europe"
"184",184,184,184,184,184,184,184,184,184,184,184,184,184,1879,"Russia","Alexander II",61,-10,-10,1,0,0,0,"not wounded","1875","Europe","Eastern Europe"
"185",185,185,185,185,185,185,185,185,185,185,185,185,185,1880,"Russia","Alexander II",62,-10,-10,1,0,0,0,"not wounded","1875","Europe","Eastern Europe"
"186",186,186,186,186,186,186,186,186,186,186,186,186,186,1881,"Russia","Alexander II",63,-10,-10,1,0,0,0,"dies within a day after the attack","1885","Europe","Eastern Europe"
"187",187,187,187,187,187,187,187,187,187,187,187,187,187,1886,"Russia","Alexander III",41,-10,-10,0,0,0,0,"survives, whether wounded unknown","1885","Europe","Eastern Europe"
"188",188,188,188,188,188,188,188,188,188,188,188,188,188,1888,"Russia","Alexander III",43,-10,-10,0,0,0,0,"not wounded","1885","Europe","Eastern Europe"
"189",189,189,189,189,189,189,189,189,189,189,189,189,189,1889,"Russia","Alexander III",44,-10,-10,0,0,0,0,"survives, whether wounded unknown","1885","Europe","Eastern Europe"
"190",190,190,190,190,190,190,190,190,190,190,190,190,190,1904,"Russia","Nicholas II",36,-10,-6.66666666666667,0,1,0,1,"plot stopped","1905","Europe","Eastern Europe"
"191",191,191,191,191,191,191,191,191,191,191,191,191,191,1914,"Russia","Nicholas II",46,-6,-4.33333333333333,0,1,0,1,"not wounded","1915","Europe","Eastern Europe"
"192",192,192,192,192,192,192,192,192,192,192,192,192,192,1918,"Russia","Lenin",48,-4.33333333333333,-1,1,1,1,1,"hospitalization but no permanent disability","1915","Europe","Eastern Europe"
"193",193,193,193,193,193,193,193,193,193,193,193,193,193,1962,"Vietnam South","Ngo Dinh Diem",61,-3,-3,0,1,1,1,"not wounded","1965","Asia","South-Eastern Asia"
"194",194,194,194,194,194,194,194,194,194,194,194,194,194,1994,"Rwanda","Habyarimana",57,-6.66666666666667,-6,0,0,1,1,"dies within a day after the attack","1995","Africa","Eastern Africa"
"195",195,195,195,195,195,195,195,195,195,195,195,195,195,1960,"South Africa","Verwoerd",59,4,4,0,0,0,0,"hospitalization but no permanent disability","1955","Africa","Southern Africa"
"196",196,196,196,196,196,196,196,196,196,196,196,196,196,1966,"South Africa","Verwoerd",65,4,4,0,0,0,0,"dies within a day after the attack","1965","Africa","Southern Africa"
"197",197,197,197,197,197,197,197,197,197,197,197,197,197,1913,"El Salvador","Araujo",48,-6,-6,0,0,0,0,"dies between a day and a week","1915","Americas","Central America"
"198",198,198,198,198,198,198,198,198,198,198,198,198,198,1935,"Saudi Arabia","Aziz",53,-10,-10,1,0,0,0,"not wounded","1935","Asia","Western Asia"
"199",199,199,199,199,199,199,199,199,199,199,199,199,199,1975,"Saudi Arabia","Faisal",70,-10,-10,1,0,0,0,"dies within a day after the attack","1975","Asia","Western Asia"
"200",200,200,200,200,200,200,200,200,200,200,200,200,200,1967,"Senegal","Senghor",61,-7,-7,0,0,0,0,"plot stopped","1965","Africa","Western Africa"
"201",201,201,201,201,201,201,201,201,201,201,201,201,201,1969,"Somalia","Shermarke",50,7,-7,0,0,0,0,"dies within a day after the attack","1965","Africa","Eastern Africa"
"202",202,202,202,202,202,202,202,202,202,202,202,202,202,1897,"Spain","del Castillo",69,4.33333333333333,4.66666666666667,0,1,0,0,"dies within a day after the attack","1895","Europe","Southern Europe"
"203",203,203,203,203,203,203,203,203,203,203,203,203,203,1904,"Spain","Maura y Montaner",51,6,6,0,0,0,0,"wounded lightly","1905","Europe","Southern Europe"
"204",204,204,204,204,204,204,204,204,204,204,204,204,204,1912,"Spain","Canalejas y Mendez",58,6,6,1,0,0,0,"dies within a day after the attack","1915","Europe","Southern Europe"
"205",205,205,205,205,205,205,205,205,205,205,205,205,205,1921,"Spain","Dato y Iradier",65,6,-2.66666666666667,0,0,0,0,"dies within a day after the attack","1925","Europe","Southern Europe"
"206",206,206,206,206,206,206,206,206,206,206,206,206,206,1926,"Spain","de Rivera",56,-6.66666666666667,-6,0,0,0,0,"not wounded","1925","Europe","Southern Europe"
"207",207,207,207,207,207,207,207,207,207,207,207,207,207,1959,"Sri Lanka","Bandaranaike, S.W.R.D.",60,7,7,0,0,0,0,"dies within a day after the attack","1955","Asia","Southern Asia"
"208",208,208,208,208,208,208,208,208,208,208,208,208,208,1987,"Sri Lanka","Jayewardene",81,5,5,0,0,1,0,"not wounded","1985","Asia","Southern Asia"
"209",209,209,209,209,209,209,209,209,209,209,209,209,209,1993,"Sri Lanka","Premadasa",69,5,5,0,0,0,1,"dies within a day after the attack","1995","Asia","Southern Asia"
"210",210,210,210,210,210,210,210,210,210,210,210,210,210,1999,"Sri Lanka","Kumaratunga",54,5,5.66666666666667,0,0,1,1,"hospitalization but no permanent disability","1995","Asia","Southern Asia"
"211",211,211,211,211,211,211,211,211,211,211,211,211,211,1970,"Sudan","Nimeiri",40,5.33333333333333,-7,0,0,1,1,"survives, whether wounded unknown","1965","Africa","Northern Africa"
"212",212,212,212,212,212,212,212,212,212,212,212,212,212,1986,"Sweden","Palme",59,10,10,0,0,0,0,"dies within a day after the attack","1985","Europe","Northern Europe"
"213",213,213,213,213,213,213,213,213,213,213,213,213,213,1973,"Syria","Al-Assad H.",43,-9,-9,0,0,1,1,"hospitalization but no permanent disability","1975","Asia","Western Asia"
"214",214,214,214,214,214,214,214,214,214,214,214,214,214,1980,"Syria","Al-Assad H.",50,-9,-9,0,1,1,1,"not wounded","1975","Asia","Western Asia"
"215",215,215,215,215,215,215,215,215,215,215,215,215,215,1963,"Togo","Olympio",61,-6,-6,0,0,0,0,"dies within a day after the attack","1965","Africa","Western Africa"
"216",216,216,216,216,216,216,216,216,216,216,216,216,216,1967,"Togo","Eyadema",53,-6,-7,0,0,0,0,"wounded lightly","1965","Africa","Western Africa"
"217",217,217,217,217,217,217,217,217,217,217,217,217,217,1905,"Turkey","Hamid II",63,-10,-8,0,0,1,0,"not wounded","1905","Asia","Western Asia"
"218",218,218,218,218,218,218,218,218,218,218,218,218,218,1906,"Turkey","Hamid II",64,-10,-5,0,0,1,0,"hospitalization but no permanent disability","1905","Asia","Western Asia"
"219",219,219,219,219,219,219,219,219,219,219,219,219,219,1964,"Turkey","Inonu",80,9,8,0,0,0,0,"not wounded","1965","Asia","Western Asia"
"220",220,220,220,220,220,220,220,220,220,220,220,220,220,1975,"Turkey","Demirel",51,5.33333333333333,9,1,0,0,0,"wounded lightly","1975","Asia","Western Asia"
"221",221,221,221,221,221,221,221,221,221,221,221,221,221,1988,"Turkey","Ozal",61,7,9,0,0,0,1,"wounded lightly","1985","Asia","Western Asia"
"222",222,222,222,222,222,222,222,222,222,222,222,222,222,1969,"Uganda","Obote",44,-4,-7,0,0,1,0,"hospitalization but no permanent disability","1965","Africa","Eastern Africa"
"223",223,223,223,223,223,223,223,223,223,223,223,223,223,1975,"Uganda","Amin",50,-7,-7,0,1,0,0,"not wounded","1975","Africa","Eastern Africa"
"224",224,224,224,224,224,224,224,224,224,224,224,224,224,1976,"Uganda","Amin",51,-7,-7,0,1,0,0,"not wounded","1975","Africa","Eastern Africa"
"225",225,225,225,225,225,225,225,225,225,225,225,225,225,1977,"Uganda","Amin",52,-7,-2,0,1,0,1,"plot stopped","1975","Africa","Eastern Africa"
"226",226,226,226,226,226,226,226,226,226,226,226,226,226,1984,"United Kingdom","Thatcher",59,10,10,1,0,0,0,"not wounded","1985","Europe","Northern Europe"
"227",227,227,227,227,227,227,227,227,227,227,227,227,227,1886,"Uruguay","Maximo Santos",39,-3,-3,0,0,0,0,"hospitalization but no permanent disability","1885","Americas","South America"
"228",228,228,228,228,228,228,228,228,228,228,228,228,228,1897,"Uruguay","Juan Idiarte Borda",53,-3,-3,0,0,0,0,"dies within a day after the attack","1895","Americas","South America"
"229",229,229,229,229,229,229,229,229,229,229,229,229,229,1897,"Uruguay","Juan Lindolfo Cuestas",60,-3,-3,0,0,0,0,"plot stopped","1895","Americas","South America"
"230",230,230,230,230,230,230,230,230,230,230,230,230,230,1918,"Uruguay","Feliciano Viera",46,2,3,0,0,0,0,"not wounded","1915","Americas","South America"
"231",231,231,231,231,231,231,231,231,231,231,231,231,231,1935,"Uruguay","Terra",62,2,0,0,0,0,0,"wounded lightly","1935","Americas","South America"
"232",232,232,232,232,232,232,232,232,232,232,232,232,232,1881,"United States","Garfield",50,10,10,0,0,0,0,"dies within a day after the attack","1885","Americas","Northern America"
"233",233,233,233,233,233,233,233,233,233,233,233,233,233,1901,"United States","McKinley",58,10,10,1,0,0,0,"dies between a week and a month","1905","Americas","Northern America"
"234",234,234,234,234,234,234,234,234,234,234,234,234,234,1933,"United States","Roosevelt, F.",51,10,10,0,0,0,0,"not wounded","1935","Americas","Northern America"
"235",235,235,235,235,235,235,235,235,235,235,235,235,235,1950,"United States","Truman",66,10,10,0,1,0,0,"not wounded","1945","Americas","Northern America"
"236",236,236,236,236,236,236,236,236,236,236,236,236,236,1963,"United States","Kennedy",46,10,10,0,1,1,1,"dies within a day after the attack","1965","Americas","Northern America"
"237",237,237,237,237,237,237,237,237,237,237,237,237,237,1972,"United States","Nixon",59,10,10,1,1,1,1,"plot stopped","1975","Americas","Northern America"
"238",238,238,238,238,238,238,238,238,238,238,238,238,238,1975,"United States","Ford",62,10,10,1,0,1,0,"not wounded","1975","Americas","Northern America"
"239",239,239,239,239,239,239,239,239,239,239,239,239,239,1981,"United States","Reagan",70,10,10,0,0,0,0,"hospitalization but no permanent disability","1985","Americas","Northern America"
"240",240,240,240,240,240,240,240,240,240,240,240,240,240,1999,"Uzbekistan","Karimov",61,-9,-9,0,0,0,0,"not wounded","1995","Asia","Central Asia"
"241",241,241,241,241,241,241,241,241,241,241,241,241,241,1900,"Venezuela","Cipriano Castro",42,-3,-3,0,0,1,1,"not wounded","1895","Americas","South America"
"242",242,242,242,242,242,242,242,242,242,242,242,242,242,1931,"Venezuela","Gomez",74,-9,-9,0,0,0,0,"plot stopped","1935","Americas","South America"
"243",243,243,243,243,243,243,243,243,243,243,243,243,243,1950,"Venezuela","Delgado Chalbaud",41,-3,-3,0,0,0,0,"dies within a day after the attack","1945","Americas","South America"
"244",244,244,244,244,244,244,244,244,244,244,244,244,244,1960,"Venezuela","Betancourt",52,3,6,0,0,0,0,"wounded lightly","1955","Americas","South America"
"245",245,245,245,245,245,245,245,245,245,245,245,245,245,1961,"Yemen North","Ibn Yahya Hamid",70,-6,0,0,0,0,1,"hospitalization but no permanent disability","1965","Western Asia",NA
"246",246,246,246,246,246,246,246,246,246,246,246,246,246,1968,"Yemen North","Al-Iryani",51,-2,-3,0,0,1,1,"not wounded","1965","Western Asia",NA
"247",247,247,247,247,247,247,247,247,247,247,247,247,247,1977,"Yemen North","Al-Hamadi",34,-4,-6,0,0,0,0,"dies, timing unknown","1975","Western Asia",NA
"248",248,248,248,248,248,248,248,248,248,248,248,248,248,1977,"Yemen North","Al-Ghashmi",38,-4,-6,0,0,0,0,"plot stopped","1975","Western Asia",NA
"249",249,249,249,249,249,249,249,249,249,249,249,249,249,1978,"Yemen North","Al-Ghashmi",39,-4.66666666666667,-6,0,0,0,0,"dies within a day after the attack","1975","Western Asia",NA
"250",250,250,250,250,250,250,250,250,250,250,250,250,250,1934,"Yugoslavia","Alexander",46,-10,-7.66666666666667,0,0,0,0,"dies within a day after the attack","1935","Europe","Southern Europe"
